Source,Dependency,Relationship
package.json,index.ts,configured entry
index.ts,App.tsx,import
App.tsx,src/ui/App.tsx,re-export
AndroidManifest.xml,MainApplication.kt,application class
AndroidManifest.xml,MainActivity.kt,activity class
MainApplication.kt,ReactNativeHostWrapper,held native host
MainApplication.kt,PackageList,module autolinking
MainActivity.kt,ReactActivityDelegateWrapper,delegate creation
MainActivity.kt,SplashScreenManager,splash registration
MainActivity.kt,index.ts,main component registration via Expo
app.json,android/gradle.properties,prebuild configuration
android/settings.gradle,android/app/build.gradle,included app project
android/app/build.gradle,android/build.gradle,shared SDK configuration
android/gradle.properties,expo-sqlite/android/build.gradle,native SQLCipher property lookup
